{"numpages": 2, "version": "1.0.0", "dimensions": {"exceptions": {}, "width": 612.0, "height": 792.0}, "links": [{"pagenum": 1, "bbox": [482.56, 33.600000000000001, 579.39999999999998, 58.409999999999997], "uri": "https://docs.google.com/a/samueldowd.com/forms/d/1wXEEAtns7Ov7njSmn4wifLyMuKe8lVOYhzgvUiMLXb4/edit"}, {"pagenum": 2, "bbox": [84.019999999999996, 386.52999999999997, 168.05000000000001, 404.13999999999999], "uri": "http://drive.google.com/"}, {"pagenum": 2, "bbox": [246.47999999999999, 392.93000000000001, 300.89999999999998, 402.52999999999997], "uri": "https://docs.google.com/forms/d/1wXEEAtns7Ov7njSmn4wifLyMuKe8lVOYhzgvUiMLXb4/reportabuse?source=https://docs.google.com/forms/d/1wXEEAtns7Ov7njSmn4wifLyMuKe8lVOYhzgvUiMLXb4/viewform"}, {"pagenum": 2, "bbox": [308.10000000000002, 392.93000000000001, 376.13, 402.52999999999997], "uri": "http://www.google.com/accounts/TOS"}, {"pagenum": 2, "bbox": [383.32999999999998, 392.93000000000001, 448.94999999999999, 402.52999999999997], "uri": "http://www.google.com/google-d-s/terms.html"}]}