{"numpages": 3, "version": "1.0.0", "dimensions": {"exceptions": {}, "width": 612.0, "height": 792.0}, "links": [{"pagenum": 1, "bbox": [174.75, 129.75, 442.5, 142.5], "uri": "https://www.google.com/url?q=https%3A%2F%2Fsites.google.com%2Fsite%2Fcloudwebquest941%2Fhome&sa=D&sntz=1&usg=AFQjCNF6BIJpYDOmxd99NV1bnmLy0i8WQg"}, {"pagenum": 3, "bbox": [174.75, 129.75, 442.5, 142.5], "uri": "https://www.google.com/url?q=https%3A%2F%2Fsites.google.com%2Fsite%2Fcloudwebquest941%2Fhome&sa=D&sntz=1&usg=AFQjCNF6BIJpYDOmxd99NV1bnmLy0i8WQg"}]}