{"numpages": 3, "version": "1.0.0", "dimensions": {"exceptions": {}, "width": 612.0, "height": 792.0}, "links": [{"pagenum": 2, "bbox": [121.5, 477.75, 467.25, 490.5], "uri": "http://www.google.com/url?q=http%3A%2F%2Fwww.ted.com%2Ftalks%2Fmalcolm_gladwell_on_spaghetti_sauce.html&sa=D&sntz=1&usg=AFQjCNFscGo6oPLsgEVoW8Iwoe1bN-MyUA"}, {"pagenum": 2, "bbox": [139.5, 582.75, 525.75, 595.5], "uri": "http://www.google.com/url?q=http%3A%2F%2Fwww.ted.com%2Ftalks%2Fmalcolm_gladwell_on_spaghetti_sauce.html%23447000&sa=D&sntz=1&usg=AFQjCNGFThu9QEdQ1QOz1t7s1Gmz8nZLmQ"}, {"pagenum": 2, "bbox": [72.0, 597.75, 558.75, 610.5], "uri": "http://www.google.com/url?q=http%3A%2F%2Fwww.ted.com%2Ftalks%2Fmalcolm_gladwell_on_spaghetti_sauce.html%23447000&sa=D&sntz=1&usg=AFQjCNGFThu9QEdQ1QOz1t7s1Gmz8nZLmQ"}, {"pagenum": 2, "bbox": [72.0, 612.75, 558.75, 625.5], "uri": "http://www.google.com/url?q=http%3A%2F%2Fwww.ted.com%2Ftalks%2Fmalcolm_gladwell_on_spaghetti_sauce.html%23447000&sa=D&sntz=1&usg=AFQjCNGFThu9QEdQ1QOz1t7s1Gmz8nZLmQ"}, {"pagenum": 2, "bbox": [72.0, 627.75, 198.75, 640.5], "uri": "http://www.google.com/url?q=http%3A%2F%2Fwww.ted.com%2Ftalks%2Fmalcolm_gladwell_on_spaghetti_sauce.html%23447000&sa=D&sntz=1&usg=AFQjCNGFThu9QEdQ1QOz1t7s1Gmz8nZLmQ"}]}