{"numpages": 3, "version": "1.0.0", "dimensions": {"exceptions": {}, "width": 612.0, "height": 792.0}, "links": [{"pagenum": 3, "bbox": [72.0, 240.0, 426.75, 252.75], "uri": "http://www.google.com/url?q=http%3A%2F%2Fwww.ted.com%2Ftalks%2Fmitch_resnick_let_s_teach_kids_to_code.html&sa=D&sntz=1&usg=AFQjCNF5PU55WnYpH_N3-ZnlOrc9HHVfiw"}, {"pagenum": 3, "bbox": [72.0, 285.0, 305.25, 297.75], "uri": "http://www.google.com/url?q=http%3A%2F%2Fpinterest.com%2Fpin%2F129830401728313023%2F&sa=D&sntz=1&usg=AFQjCNEPZxmSczhTlXvmbvcLESDl3VsiVA"}, {"pagenum": 3, "bbox": [72.0, 330.0, 550.5, 342.75], "uri": "http://www.google.com/url?q=http%3A%2F%2Fwww.k12educationtechnology.com%2F2012%2F06%2F21%2Finfographic-state-educational-technologies%2F&sa=D&sntz=1&usg=AFQjCNGQwWLdIUsWAZPKgF3prpT3Urc8kA"}]}