{"numpages": 15, "version": "1.0.0", "dimensions": {"exceptions": {}, "width": 612.0, "height": 792.0}, "links": [{"pagenum": 1, "bbox": [98.25, 102.0, 139.5, 114.0], "uri": "http://www.google.com/url?q=http%3A%2F%2Fmassone.mass.edu%2Fteachers%2F&sa=D&sntz=1&usg=AFQjCNEVPJiRox1KDZq9tUokEyLtNg1HGA"}, {"pagenum": 1, "bbox": [82.5, 117.0, 285.0, 129.0], "uri": "http://www.google.com/url?q=http%3A%2F%2Fmassone.mass.edu%2Ftools.html&sa=D&sntz=1&usg=AFQjCNEUKDaBb_Nt9Ym41UuWZdRcWqXmrQ"}, {"pagenum": 1, "bbox": [297.0, 117.0, 465.0, 129.0], "uri": "http://www.google.com/url?q=http%3A%2F%2Fmassone.mass.edu%2Fteachers%2Fbenefits.html&sa=D&sntz=1&usg=AFQjCNEQbIEC63SWZcqdFjnyFDBLfRGnaw"}, {"pagenum": 1, "bbox": [82.5, 438.75, 167.25, 450.75], "uri": "http://www.google.com/url?q=http%3A%2F%2Fmassone.mass.edu%2Fteachers%2Fregister.html&sa=D&sntz=1&usg=AFQjCNEaPHa1g2wKv1T96_JNCk7tC0VvJg"}, {"pagenum": 1, "bbox": [177.0, 438.75, 390.0, 450.75], "uri": "http://www.google.com/url?q=http%3A%2F%2Fmassone.mass.edu%2Fstudents%2Fregister.html&sa=D&sntz=1&usg=AFQjCNG5sCR6j8QBRvocb2XlR3mldn0DfQ"}, {"pagenum": 1, "bbox": [82.5, 664.5, 289.5, 676.5], "uri": "http://www.google.com/url?q=http%3A%2F%2Fmassone.mass.edu%2Faup.html&sa=D&sntz=1&usg=AFQjCNGlr1ECrLhZ8-biwO6TZXnSqjHH1A"}, {"pagenum": 2, "bbox": [82.5, 386.25, 255.75, 398.25], "uri": "http://www.google.com/url?q=http%3A%2F%2Fmassone.mass.edu%2Fsupport%2F&sa=D&sntz=1&usg=AFQjCNHHz5fJvuZe8vGCcrvLIN_XRC2MIg"}, {"pagenum": 2, "bbox": [154.5, 568.5, 346.5, 582.75], "uri": "http://www.google.com/url?q=http%3A%2F%2Fmassone.mass.edu%2F0911wested_eval.doc&sa=D&sntz=1&usg=AFQjCNFFRk5RFg43qGMqbB-xOkCmzEiFIQ"}, {"pagenum": 4, "bbox": [161.25, 653.25, 302.25, 665.25], "uri": "http://www.google.com/url?q=http%3A%2F%2Fwww.thelearningcurve.org%2F&sa=D&sntz=1&usg=AFQjCNGTiVU0Ju5St_zNZnecRIcw4L5qlQ"}, {"pagenum": 4, "bbox": [315.75, 653.25, 476.25, 665.25], "uri": "http://www.google.com/url?q=http%3A%2F%2Fmoodleshare.imgsoftware.com%2F&sa=D&sntz=1&usg=AFQjCNH8z_JcaQbfib8IPUvAYIvNdkvG3w"}, {"pagenum": 4, "bbox": [241.5, 693.75, 361.5, 705.75], "uri": "http://www.google.com/url?q=http%3A%2F%2Fwebteachertools.com%2F&sa=D&sntz=1&usg=AFQjCNGI-ID0-Art_56-TzFuZS42e5mjOA"}, {"pagenum": 5, "bbox": [140.25, 72.0, 222.75, 84.0], "uri": "http://www.google.com/url?q=http%3A%2F%2Fdocs.moodle.org%2Fen%2FThe_Good_Teacher&sa=D&sntz=1&usg=AFQjCNFD-seWn_0uXxShjqtpAd0YeS2FCg"}, {"pagenum": 6, "bbox": [163.5, 220.5, 337.5, 232.5], "uri": "http://www.google.com/url?q=https%3A%2F%2Fmoodle.org%2Fcalendar%2Fview.php&sa=D&sntz=1&usg=AFQjCNGPL1Z4kcTXn_SlDpGIzoAIBuioIA"}, {"pagenum": 6, "bbox": [180.75, 525.75, 284.25, 537.75], "uri": "http://www.google.com/url?q=http%3A%2F%2Fdemo.moodle.org%2F&sa=D&sntz=1&usg=AFQjCNG0OzRYZ5mdBsZ_bravv7KanPSdKg"}, {"pagenum": 6, "bbox": [114.75, 579.75, 307.5, 591.75], "uri": "http://www.google.com/url?q=http%3A%2F%2Fdocs.moodle.org%2F22%2Fen%2FStandard_roles&sa=D&sntz=1&usg=AFQjCNEhNB14vh93pVC4s9Xpfk6NHM4rtA"}, {"pagenum": 7, "bbox": [125.25, 388.5, 204.0, 400.5], "uri": "http://www.google.com/url?q=http%3A%2F%2Fdocs.moodle.org%2Fen%2FCourse_homepage&sa=D&sntz=1&usg=AFQjCNGL72N40rmr1yRHa_zaRfhfyZhmfQ"}, {"pagenum": 7, "bbox": [319.5, 388.5, 370.5, 400.5], "uri": "http://www.google.com/url?q=http%3A%2F%2Fdocs.moodle.org%2Fen%2FBlocks_%2528teacher%2529&sa=D&sntz=1&usg=AFQjCNHxH3ZU4ufcp5cBD25VVlyHmE9M1w"}, {"pagenum": 7, "bbox": [174.0, 402.0, 213.0, 414.0], "uri": "http://www.google.com/url?q=http%3A%2F%2Fdocs.moodle.org%2Fen%2FActivities_block&sa=D&sntz=1&usg=AFQjCNHmqIh7yXJzb0bawZmLX8dzjj2WoQ"}, {"pagenum": 7, "bbox": [258.0, 402.0, 305.25, 414.0], "uri": "http://www.google.com/url?q=http%3A%2F%2Fdocs.moodle.org%2Fen%2FResources&sa=D&sntz=1&usg=AFQjCNFTX-D0c5JokA9ThjL5_H4Et4JIWQ"}, {"pagenum": 7, "bbox": [434.25, 402.0, 528.75, 414.0], "uri": "http://www.google.com/url?q=http%3A%2F%2Fdocs.moodle.org%2Fen%2FAdding_resources_and_activities&sa=D&sntz=1&usg=AFQjCNEPiRQx21Ke8sS8yfL7j5lx6xqGxg"}, {"pagenum": 7, "bbox": [72.0, 415.5, 109.5, 427.5], "uri": "http://www.google.com/url?q=http%3A%2F%2Fdocs.moodle.org%2Fen%2FAdding_resources_and_activities&sa=D&sntz=1&usg=AFQjCNEPiRQx21Ke8sS8yfL7j5lx6xqGxg"}, {"pagenum": 7, "bbox": [219.0, 415.5, 297.75, 427.5], "uri": "http://www.google.com/url?q=http%3A%2F%2Fdocs.moodle.org%2Fen%2FCourse_homepage&sa=D&sntz=1&usg=AFQjCNGL72N40rmr1yRHa_zaRfhfyZhmfQ"}, {"pagenum": 7, "bbox": [336.75, 415.5, 399.0, 427.5], "uri": "http://www.google.com/url?q=http%3A%2F%2Fdocs.moodle.org%2Fen%2FAdministration_block&sa=D&sntz=1&usg=AFQjCNFP3Qbndc4tPWno1MQTj6M56pMEPA"}, {"pagenum": 8, "bbox": [131.25, 257.25, 168.0, 269.25], "uri": "http://www.google.com/url?q=http%3A%2F%2Fwww.rusticisoftware.com%2Fresources%2Fwhatisscorm%2FWhat%2520Is%2520SCORM.htm&sa=D&sntz=1&usg=AFQjCNHkYg1dBPOvd-DqfOjqMPhIW5L63w"}, {"pagenum": 9, "bbox": [114.75, 545.25, 218.25, 557.25], "uri": "http://www.google.com/url?q=http%3A%2F%2Fdemo.moodle.org%2F&sa=D&sntz=1&usg=AFQjCNG0OzRYZ5mdBsZ_bravv7KanPSdKg"}, {"pagenum": 9, "bbox": [390.75, 545.25, 493.5, 557.25], "uri": "http://www.google.com/url?q=http%3A%2F%2Fdemo.moodle.org%2Fcourse%2Fview.php%3Fid%3D4&sa=D&sntz=1&usg=AFQjCNEWmNwih7MUGK-d6h40I9IYSU0-Dw"}, {"pagenum": 10, "bbox": [117.0, 399.75, 305.25, 411.75], "uri": "http://www.google.com/url?q=http%3A%2F%2Fdocs.moodle.org%2Fen%2FMoodle_manuals&sa=D&sntz=1&usg=AFQjCNEqA9veIPqDDjTceO2LbKW_I-haZQ"}, {"pagenum": 10, "bbox": [176.25, 426.75, 325.5, 438.75], "uri": "http://www.google.com/url?q=http%3A%2F%2Fwww.cats-pyjamas.net%2Fwp-content%2Fuploads%2F2010%2F05%2FMoodleToolGuideforTeachers_May2010_JS.pdf&sa=D&sntz=1&usg=AFQjCNHHAToFyPIzVPSWMWM52be_Gakrig"}, {"pagenum": 12, "bbox": [72.0, 115.5, 151.5, 130.5], "uri": "http://www.google.com/url?q=http%3A%2F%2Fwww.blackboard.com%2F&sa=D&sntz=1&usg=AFQjCNHkQPh8Me_PqgAzJam8WPGn6R9cvQ"}, {"pagenum": 12, "bbox": [162.0, 115.5, 195.0, 130.5], "uri": "http://www.google.com/url?q=http%3A%2F%2Fwww.instructure.com%2F&sa=D&sntz=1&usg=AFQjCNGqMSPjVqTZ7hg4dJC1XP6HaTLyhg"}, {"pagenum": 12, "bbox": [206.25, 115.5, 259.5, 130.5], "uri": "http://www.google.com/url?q=http%3A%2F%2Fwww.itslearning.com%2F&sa=D&sntz=1&usg=AFQjCNH6kg_ZVgGt_BSMHmj4Lof1-ckuOA"}, {"pagenum": 12, "bbox": [267.75, 115.5, 360.75, 131.25], "uri": "http://www.google.com/url?q=http%3A%2F%2Fwww.blackboard.com%2Fplatforms%2Fengage%2Foverview.aspx&sa=D&sntz=1&usg=AFQjCNHNaYMh-ra0WMCQL6eUT_9q2rGzDA"}, {"pagenum": 12, "bbox": [283.5, 177.75, 349.5, 193.5], "uri": "http://www.google.com/url?q=http%3A%2F%2Fdesire2learn.com%2F&sa=D&sntz=1&usg=AFQjCNGOe-nVB6O7h1WtUS9L0oVoK7gCqg"}, {"pagenum": 14, "bbox": [494.25, 102.0, 540.0, 114.75], "uri": "http://www.google.com/url?q=http%3A%2F%2Fedutechwiki.unige.ch%2Fen%2FLearning_management_system&sa=D&sntz=1&usg=AFQjCNGzy_WFHmVcanxgq18uvYVZd6fJHA"}, {"pagenum": 14, "bbox": [144.0, 117.0, 165.75, 129.75], "uri": "http://www.google.com/url?q=http%3A%2F%2Fedutechwiki.unige.ch%2Fen%2FLearning_management_system&sa=D&sntz=1&usg=AFQjCNGzy_WFHmVcanxgq18uvYVZd6fJHA"}]}