{"numpages": 8, "version": "1.0.0", "dimensions": {"exceptions": {}, "width": 612.0, "height": 792.0}, "links": [{"pagenum": 4, "bbox": [144.75, 309.75, 576.75, 324.0], "uri": "http://www.google.com/url?q=http%3A%2F%2Ffirstsearch.oclc.org.fscproxy.framingham.edu%2FWebZ%2FFSFETCH%3Ffetchtype%3Dfullrecord%3Asessionid%3Dfsapp6-57658-hdupuq89-gjqq2k%3Aentitypagenum%3D6%3A0%3Arecno%3D4%3Aresultset%3D2%3Aformat%3DFI%3Anext%3Dhtml%2Frecord.html%3Abad%3Derror%2Fbadfetch.html%3Aentitytoprecno%3D4%3Aentitycurrecno%3D4%3Anumrecs%3D1&sa=D&sntz=1&usg=AFQjCNEKcvQNVxLmi7NNmy7xDgzzT6cLRg"}, {"pagenum": 4, "bbox": [144.0, 327.0, 366.0, 341.25], "uri": "http://www.google.com/url?q=http%3A%2F%2Ffirstsearch.oclc.org.fscproxy.framingham.edu%2FWebZ%2FFSFETCH%3Ffetchtype%3Dfullrecord%3Asessionid%3Dfsapp6-57658-hdupuq89-gjqq2k%3Aentitypagenum%3D6%3A0%3Arecno%3D4%3Aresultset%3D2%3Aformat%3DFI%3Anext%3Dhtml%2Frecord.html%3Abad%3Derror%2Fbadfetch.html%3Aentitytoprecno%3D4%3Aentitycurrecno%3D4%3Anumrecs%3D1&sa=D&sntz=1&usg=AFQjCNEKcvQNVxLmi7NNmy7xDgzzT6cLRg"}, {"pagenum": 4, "bbox": [144.75, 344.25, 579.0, 358.5], "uri": "http://www.google.com/url?q=http%3A%2F%2Ffirstsearch.oclc.org.fscproxy.framingham.edu%2FWebZ%2FFSFETCH%3Ffetchtype%3Dfullrecord%3Asessionid%3Dfsapp6-57658-hdupuq89-gjqq2k%3Aentitypagenum%3D6%3A0%3Arecno%3D10%3Aresultset%3D2%3Aformat%3DFI%3Anext%3Dhtml%2Frecord.html%3Abad%3Derror%2Fbadfetch.html%3Aentitytoprecno%3D10%3Aentitycurrecno%3D10%3Anumrecs%3D1&sa=D&sntz=1&usg=AFQjCNH4pNBvqTkmP166DvCF7fUUm3lQug"}, {"pagenum": 4, "bbox": [144.0, 361.5, 345.0, 375.75], "uri": "http://www.google.com/url?q=http%3A%2F%2Ffirstsearch.oclc.org.fscproxy.framingham.edu%2FWebZ%2FFSFETCH%3Ffetchtype%3Dfullrecord%3Asessionid%3Dfsapp6-57658-hdupuq89-gjqq2k%3Aentitypagenum%3D6%3A0%3Arecno%3D10%3Aresultset%3D2%3Aformat%3DFI%3Anext%3Dhtml%2Frecord.html%3Abad%3Derror%2Fbadfetch.html%3Aentitytoprecno%3D10%3Aentitycurrecno%3D10%3Anumrecs%3D1&sa=D&sntz=1&usg=AFQjCNH4pNBvqTkmP166DvCF7fUUm3lQug"}]}