{"numpages": 1, "version": "1.0.0", "dimensions": {"exceptions": {}, "width": 612.0, "height": 792.0}, "links": [{"pagenum": 1, "bbox": [84.019999999999996, 602.61000000000001, 168.05000000000001, 620.21000000000004], "uri": "http://drive.google.com/"}, {"pagenum": 1, "bbox": [246.47999999999999, 609.00999999999999, 300.89999999999998, 618.61000000000001], "uri": "https://docs.google.com/forms/d/1ciJhJl1FWy3ziP3wOteYNGQcsRIuR6xBF_ypGwmadcA/reportabuse?source=https://docs.google.com/forms/d/1ciJhJl1FWy3ziP3wOteYNGQcsRIuR6xBF_ypGwmadcA/viewform"}, {"pagenum": 1, "bbox": [308.10000000000002, 609.00999999999999, 376.13, 618.61000000000001], "uri": "http://www.google.com/accounts/TOS"}, {"pagenum": 1, "bbox": [383.32999999999998, 609.00999999999999, 448.94999999999999, 618.61000000000001], "uri": "http://www.google.com/google-d-s/terms.html"}, {"pagenum": 1, "bbox": [482.56, 33.600000000000001, 579.39999999999998, 58.409999999999997], "uri": "https://docs.google.com/a/samueldowd.com/forms/d/1ciJhJl1FWy3ziP3wOteYNGQcsRIuR6xBF_ypGwmadcA/edit"}]}